"Qty";"Value";"Device";"Package";"Parts";"Description";"AVAILABILITY";"DESCRIPTION";"MF";"MP";"PACKAGE";"POPULARITY";"PRICE";
"1";"";"M04A2001WF-4-SMD";"A2001WF-NA-4";"JP3";"Header 4";"";"";"";"";"";"";"";
"4";"100n";"C-USC0402";"C0402";"C9, C10, C23, C26";"CAPACITOR, American symbol";"";"";"";"";"";"";"";
"1";"1117-3.3";"LM1117";"SOT223";"IC4";"800mA and 1A Low Dropout (LDO) Positive Regulator";"";"";"";"";"";"";"";
"1";"1117-5.0";"LM1117";"SOT223";"IC1";"800mA and 1A Low Dropout (LDO) Positive Regulator";"";"";"";"";"";"";"";
"1";"1N4148";"DIODE-SOD323-R";"SOD323-R";"D3";"DIODE";"";"";"";"";"";"4";"";
"1";"1N5819HW";"DIODE-SOD123";"SOD123";"D2";"DIODE";"";"";"";"";"";"22";"";
"3";"220";"R-US_R0402";"R0402";"R37, R39, R40";"RESISTOR, American symbol";"";"";"";"";"";"";"";
"2";"22u";"C-USC0603";"C0603";"C1, C14";"CAPACITOR, American symbol";"";"";"";"";"";"";"";
"1";"47u";"C-USC1206";"C1206";"C2";"CAPACITOR, American symbol";"";"";"";"";"";"";"";
"1";"74LV1T34SOT23-5";"74LV1T34SOT23-5";"SOT23-5__SOT95P280X145-5N";"U1";"Single Supply Translating Buffer";"";"";"";"";"";"";"";
"1";"EURO_POWER_LOCK";"EURO_POWER_LOCK";"EURO_PWR_HEADER_FAT";"J21";"";"";"";"";"";"";"";"";
"2";"GZ2012D601TF";"WE-CBF_0805";"0805";"L1, L2";"SMD EMI Suppression Ferrite Beads";"";"";"";"";"";"";"";
"2";"PJ301CM";"PJ301CM";"PJ301CM";"J10, J11";"";"";"";"";"";"";"";"";
"1";"TLP2366(V4-TPL,E";"TLP2366(V4-TPL,E";"OPTO_TLP2366(V4-TPL,E";"U2";"Logic Output Optoisolator 20MBd Push-Pull, Totem Pole 3750Vrms 1 Channel 20kV/µs CMTI 6-SO, 5 Lead Check prices";"In Stock";" Logic Output Optoisolator 20MBd Push-Pull, Totem Pole 3750Vrms 1 Channel 20kV/µs CMTI 6-SO, 5 Lead ";"Toshiba Semiconductor";"TLP2366(V4-TPL,E";"SO-6 Toshiba Semiconductor";"";"None";
